{"cameraMode":{"drawMode":0,"name":"Shaded","section":"Shading Mode"},"sceneLighting":true,"audioPlay":false,"sceneViewState":{"m_AlwaysRefresh":false,"showFog":true,"showSkybox":true,"showFlares":true,"showImageEffects":true,"showParticleSystems":true,"showVisualEffectGraphs":true,"m_FxEnabled":true},"in2DMode":false,"pivot":{"x":-53.757938385009769,"y":-9.983657836914063,"z":95.23633575439453},"rotation":{"x":0.22593633830547334,"y":0.15751437842845918,"z":-0.037044547498226169,"w":0.9606179594993591},"size":53.84267044067383,"orthographic":false}