{"cameraMode":{"drawMode":0,"name":"Shaded","section":"Shading Mode"},"sceneLighting":true,"audioPlay":false,"sceneViewState":{"m_AlwaysRefresh":false,"showFog":true,"showSkybox":true,"showFlares":true,"showImageEffects":true,"showParticleSystems":true,"showVisualEffectGraphs":true,"m_FxEnabled":true},"in2DMode":false,"pivot":{"x":-0.001450657844543457,"y":-0.11897718906402588,"z":0.13435983657836915},"rotation":{"x":0.2740212678909302,"y":-0.0959492102265358,"z":0.027488868683576585,"w":0.9565379619598389},"size":7.6627912521362309,"orthographic":false}